{
  "train_loss": [
    0.27191746864680005,
    0.0316039669820039,
    0.018736202751331508,
    0.012575510747130945,
    0.01322615484355691,
    0.01190274431447296,
    0.007782296244915045,
    0.008187907034451821,
    0.007552920208743202,
    0.002328745433075522,
    0.0013401216043041858,
    0.0025590642807748524,
    0.0026624689136494554,
    0.0010337408311284996,
    0.000431087150563821,
    0.0013387566658491909,
    0.0021289392544724967,
    0.0008227320311608932,
    0.00032967473305466505,
    0.0008340910455565008
  ],
  "val_loss": [
    0.004812299646738722,
    0.002497924549072163,
    0.0019961640058881957,
    0.005637889860409708,
    0.000648978244753789,
    0.009338562229904392,
    0.002545575161779579,
    0.005045252780839896,
    0.0011383297793827575,
    0.0018138606444316498,
    0.00043776713891073744,
    0.0027987992846580287,
    0.0012908935604857817,
    0.0017902256469025728,
    0.0003947671038916351,
    0.000136312121189049,
    0.0002832604017759721,
    3.2010109815331674e-05,
    4.847654630295138e-05,
    0.00016648756490672464
  ],
  "val_acc": [
    0.9988035415171094,
    0.9992821249102656,
    0.9992821249102656,
    0.9985642498205313,
    1.0,
    0.9968892079444843,
    0.9992821249102656,
    0.9988035415171094,
    0.9995214166068438,
    0.9995214166068438,
    0.9995214166068438,
    0.9990428332136875,
    0.9997607083034219,
    0.9997607083034219,
    0.9997607083034219,
    1.0,
    1.0,
    1.0,
    1.0,
    1.0
  ]
}