{
  "train_loss": [
    0.40573048943671575,
    0.07310453778874415,
    0.048326787929027525,
    0.024439298806729907,
    0.01702691005331533,
    0.009534837746559804,
    0.005275905191107363,
    0.004766114903330633,
    0.007683417210931048,
    0.014180183061293174,
    0.007238407401358581,
    0.006788591386981395,
    0.002044608341903038,
    0.0020563096151099206,
    0.0009966326932742027,
    0.0005540949290885584,
    0.0002227561078782843,
    0.00038928763449940895,
    0.00014168648475950646,
    0.00023807260855947368
  ],
  "val_loss": [
    0.08543972795208295,
    0.04451009040509445,
    0.02629376850698305,
    0.021290004652911337,
    0.021918407482081567,
    0.014282802902701973,
    0.012585880348215932,
    0.0032837670511124063,
    0.00392619167636756,
    0.005547566096757309,
    0.0037740061355693993,
    0.012223571275219159,
    0.0007812822051915725,
    0.0020353335895629573,
    0.0001680241693026366,
    0.000110120072871644,
    4.019079925601018e-05,
    8.527263865460924e-05,
    5.232742077353485e-05,
    2.3396663920615592e-05
  ],
  "val_acc": [
    0.9695652173913043,
    0.9797101449275363,
    0.991304347826087,
    0.9927536231884058,
    0.9927536231884058,
    0.991304347826087,
    0.9956521739130435,
    0.9985507246376811,
    0.9985507246376811,
    0.9985507246376811,
    0.9985507246376811,
    0.9956521739130435,
    1.0,
    0.9985507246376811,
    1.0,
    1.0,
    1.0,
    1.0,
    1.0,
    1.0
  ]
}