{
  "train_loss": [
    0.550514618530916,
    0.33548933045423857,
    0.3037806434402299,
    0.2903484888212129,
    0.25369359586325124,
    0.24625523987964623,
    0.1879532120457234,
    0.17082383571871215,
    0.14073831555436475,
    0.13909429093533504,
    0.10876318099382737,
    0.10216128664684998,
    0.0967105354739589,
    0.09826125366309993,
    0.09496592034493397,
    0.08517335847058495,
    0.07538042808240901,
    0.061864466359345005,
    0.06602864746769503,
    0.06273378167939848
  ],
  "val_loss": [
    0.34055328164505455,
    0.31937134347753726,
    0.27559720256950676,
    0.2697549473480339,
    0.23920795872119185,
    0.23202025269003546,
    0.1945656979649552,
    0.13975418871559306,
    0.15291135398189673,
    0.10992914993553125,
    0.1303342269005698,
    0.0992681501844849,
    0.11030073685294829,
    0.10214114256119461,
    0.09311680682701118,
    0.10536944996402803,
    0.05993333344955867,
    0.07593050301912126,
    0.07849566767761919,
    0.09318306377987737
  ],
  "val_acc": [
    0.8214731585518102,
    0.8401997503121099,
    0.8726591760299626,
    0.8664169787765293,
    0.885143570536829,
    0.916354556803995,
    0.9225967540574282,
    0.9450686641697877,
    0.9413233458177278,
    0.9563046192259675,
    0.9550561797752809,
    0.9637952559300874,
    0.9612983770287141,
    0.9612983770287141,
    0.968789013732834,
    0.9600499375780275,
    0.9750312109862672,
    0.9750312109862672,
    0.9762796504369539,
    0.9700374531835206
  ]
}